name,num_workers,workers_distribution,policy_name,num_items,data_bal,items_diff,num_states,cost,cost_std,recall,recall_std,precision,precision_std,loss,loss_std,f1,f1_std,fbeta,fbeta_std,estimate_after,avg_error_rate,wce,wce_std,fnc,fpc
diff-states-fnc-1-fpc-1,100,"Normal(1,0.2)",vc-5states-fnc-1-fpc-1.policy,1000,0.5,0.5,5,0.0,0.0,0.0,0.0,0.0,0.0,0.5,0.0,0.0,0.0,0.0,0.0,False,1,0.5,0.0,-1,-1
diff-states-fnc-1-fpc-5,100,"Normal(1,0.2)",vc-5states-fnc-1-fpc-5.policy,1000,0.5,0.5,5,0.0,0.0,0.0,0.0,0.0,0.0,0.5,0.0,0.0,0.0,0.0,0.0,False,1,0.5,0.0,-1,-5
diff-states-fnc-1-fpc-10,100,"Normal(1,0.2)",vc-5states-fnc-1-fpc-10.policy,1000,0.5,0.5,5,0.0,0.0,0.0,0.0,0.0,0.0,0.5,0.0,0.0,0.0,0.0,0.0,False,1,0.5,0.0,-1,-10
diff-states-fnc-1-fpc-500,100,"Normal(1,0.2)",vc-5states-fnc-1-fpc-500.policy,1000,0.5,0.5,5,0.0,0.0,0.0,0.0,0.0,0.0,0.5,0.0,0.0,0.0,0.0,0.0,False,1,0.5,0.0,-1,-500
diff-states-fnc-5-fpc-1,100,"Normal(1,0.2)",vc-5states-fnc-5-fpc-1.policy,1000,0.5,0.5,5,0.0,0.0,1.0,0.0,0.5,0.0,0.5,0.0,0.667,0.0,0.963,0.0,False,1,0.5,0.0,-5,-1
diff-states-fnc-5-fpc-5,100,"Normal(1,0.2)",vc-5states-fnc-5-fpc-5.policy,1000,0.5,0.5,5,1.0,0.0,0.75,0.02,0.752,0.014,0.748,0.052,0.751,0.015,0.75,0.02,False,1,1.244,0.069,-5,-5
diff-states-fnc-5-fpc-10,100,"Normal(1,0.2)",vc-5states-fnc-5-fpc-10.policy,1000,0.5,0.5,5,0.0,0.0,0.0,0.0,0.0,0.0,2.5,0.0,0.0,0.0,0.0,0.0,False,1,2.5,0.0,-5,-10
diff-states-fnc-5-fpc-500,100,"Normal(1,0.2)",vc-5states-fnc-5-fpc-500.policy,1000,0.5,0.5,5,0.0,0.0,0.0,0.0,0.0,0.0,2.5,0.0,0.0,0.0,0.0,0.0,False,1,2.5,0.0,-5,-500
diff-states-fnc-10-fpc-1,100,"Normal(1,0.2)",vc-5states-fnc-10-fpc-1.policy,1000,0.5,0.5,5,0.0,0.0,1.0,0.0,0.5,0.0,0.5,0.0,0.667,0.0,0.99,0.0,False,1,0.5,0.0,-10,-1
diff-states-fnc-10-fpc-5,100,"Normal(1,0.2)",vc-5states-fnc-10-fpc-5.policy,1000,0.5,0.5,5,0.0,0.0,1.0,0.0,0.5,0.0,0.5,0.0,0.667,0.0,0.99,0.0,False,1,2.5,0.0,-10,-5
diff-states-fnc-10-fpc-10,100,"Normal(1,0.2)",vc-5states-fnc-10-fpc-10.policy,1000,0.5,0.5,5,1.0,0.0,0.754,0.02,0.754,0.011,1.351,0.101,0.754,0.013,0.754,0.02,False,1,2.46,0.113,-10,-10
diff-states-fnc-10-fpc-500,100,"Normal(1,0.2)",vc-5states-fnc-10-fpc-500.policy,1000,0.5,0.5,5,0.0,0.0,0.0,0.0,0.0,0.0,5.0,0.0,0.0,0.0,0.0,0.0,False,1,5.0,0.0,-10,-500
diff-states-fnc-500-fpc-1,100,"Normal(1,0.2)",vc-5states-fnc-500-fpc-1.policy,1000,0.5,0.5,5,0.0,0.0,1.0,0.0,0.5,0.0,0.5,0.0,0.667,0.0,1.0,0.0,False,1,0.5,0.0,-500,-1
diff-states-fnc-500-fpc-5,100,"Normal(1,0.2)",vc-5states-fnc-500-fpc-5.policy,1000,0.5,0.5,5,0.0,0.0,1.0,0.0,0.5,0.0,0.5,0.0,0.667,0.0,1.0,0.0,False,1,2.5,0.0,-500,-5
diff-states-fnc-500-fpc-10,100,"Normal(1,0.2)",vc-5states-fnc-500-fpc-10.policy,1000,0.5,0.5,5,0.0,0.0,1.0,0.0,0.5,0.0,0.5,0.0,0.667,0.0,1.0,0.0,False,1,5.0,0.0,-500,-10
diff-states-fnc-500-fpc-500,100,"Normal(1,0.2)",vc-5states-fnc-500-fpc-500.policy,1000,0.5,0.5,5,1.0,0.0,0.753,0.019,0.749,0.018,61.776,4.707,0.751,0.015,0.753,0.019,False,1,124.85,7.6,-500,-500
diff-states-fnc-1-fpc-1,100,"Normal(1,0.2)",vc-5states-fnc-1-fpc-1.policy,1000,0.5,0.5,5,0.0,0.0,0.0,0.0,0.0,0.0,0.5,0.0,0.0,0.0,0.0,0.0,True,1,0.5,0.0,-1,-1
diff-states-fnc-1-fpc-5,100,"Normal(1,0.2)",vc-5states-fnc-1-fpc-5.policy,1000,0.5,0.5,5,0.0,0.0,0.0,0.0,0.0,0.0,0.5,0.0,0.0,0.0,0.0,0.0,True,1,0.5,0.0,-1,-5
diff-states-fnc-1-fpc-10,100,"Normal(1,0.2)",vc-5states-fnc-1-fpc-10.policy,1000,0.5,0.5,5,0.0,0.0,0.0,0.0,0.0,0.0,0.5,0.0,0.0,0.0,0.0,0.0,True,1,0.5,0.0,-1,-10
diff-states-fnc-1-fpc-500,100,"Normal(1,0.2)",vc-5states-fnc-1-fpc-500.policy,1000,0.5,0.5,5,0.0,0.0,0.0,0.0,0.0,0.0,0.5,0.0,0.0,0.0,0.0,0.0,True,1,0.5,0.0,-1,-500
diff-states-fnc-5-fpc-1,100,"Normal(1,0.2)",vc-5states-fnc-5-fpc-1.policy,1000,0.5,0.5,5,0.0,0.0,1.0,0.0,0.5,0.0,0.5,0.0,0.667,0.0,0.963,0.0,True,1,0.5,0.0,-5,-1
diff-states-fnc-5-fpc-5,100,"Normal(1,0.2)",vc-5states-fnc-5-fpc-5.policy,1000,0.5,0.5,5,1.0,0.0,0.761,0.018,0.761,0.015,0.716,0.043,0.761,0.012,0.761,0.017,True,1,1.196,0.057,-5,-5
diff-states-fnc-5-fpc-10,100,"Normal(1,0.2)",vc-5states-fnc-5-fpc-10.policy,1000,0.5,0.5,5,0.0,0.0,0.0,0.0,0.0,0.0,2.5,0.0,0.0,0.0,0.0,0.0,True,1,2.5,0.0,-5,-10
diff-states-fnc-5-fpc-500,100,"Normal(1,0.2)",vc-5states-fnc-5-fpc-500.policy,1000,0.5,0.5,5,0.0,0.0,0.0,0.0,0.0,0.0,2.5,0.0,0.0,0.0,0.0,0.0,True,1,2.5,0.0,-5,-500
diff-states-fnc-10-fpc-1,100,"Normal(1,0.2)",vc-5states-fnc-10-fpc-1.policy,1000,0.5,0.5,5,0.0,0.0,1.0,0.0,0.5,0.0,0.5,0.0,0.667,0.0,0.99,0.0,True,1,0.5,0.0,-10,-1
diff-states-fnc-10-fpc-5,100,"Normal(1,0.2)",vc-5states-fnc-10-fpc-5.policy,1000,0.5,0.5,5,0.0,0.0,1.0,0.0,0.5,0.0,0.5,0.0,0.667,0.0,0.99,0.0,True,1,2.5,0.0,-10,-5
diff-states-fnc-10-fpc-10,100,"Normal(1,0.2)",vc-5states-fnc-10-fpc-10.policy,1000,0.5,0.5,5,1.0,0.0,0.764,0.016,0.749,0.01,1.307,0.076,0.756,0.008,0.764,0.016,True,1,2.462,0.069,-10,-10
diff-states-fnc-10-fpc-500,100,"Normal(1,0.2)",vc-5states-fnc-10-fpc-500.policy,1000,0.5,0.5,5,0.0,0.0,0.0,0.0,0.0,0.0,5.0,0.0,0.0,0.0,0.0,0.0,True,1,5.0,0.0,-10,-500
diff-states-fnc-500-fpc-1,100,"Normal(1,0.2)",vc-5states-fnc-500-fpc-1.policy,1000,0.5,0.5,5,0.0,0.0,1.0,0.0,0.5,0.0,0.5,0.0,0.667,0.0,1.0,0.0,True,1,0.5,0.0,-500,-1
diff-states-fnc-500-fpc-5,100,"Normal(1,0.2)",vc-5states-fnc-500-fpc-5.policy,1000,0.5,0.5,5,0.0,0.0,1.0,0.0,0.5,0.0,0.5,0.0,0.667,0.0,1.0,0.0,True,1,2.5,0.0,-500,-5
diff-states-fnc-500-fpc-10,100,"Normal(1,0.2)",vc-5states-fnc-500-fpc-10.policy,1000,0.5,0.5,5,0.0,0.0,1.0,0.0,0.5,0.0,0.5,0.0,0.667,0.0,1.0,0.0,True,1,5.0,0.0,-500,-10
diff-states-fnc-500-fpc-500,100,"Normal(1,0.2)",vc-5states-fnc-500-fpc-500.policy,1000,0.5,0.5,5,1.0,0.0,0.767,0.015,0.761,0.014,58.271,3.785,0.764,0.01,0.767,0.015,True,1,118.6,5.132,-500,-500
diff-states-fnc-1-fpc-1,100,"Normal(1,0.2)",vc-9states-fnc-1-fpc-1.policy,1000,0.5,0.5,9,0.0,0.0,0.0,0.0,0.0,0.0,0.5,0.0,0.0,0.0,0.0,0.0,False,1,0.5,0.0,-1,-1
diff-states-fnc-1-fpc-5,100,"Normal(1,0.2)",vc-9states-fnc-1-fpc-5.policy,1000,0.5,0.5,9,0.0,0.0,0.0,0.0,0.0,0.0,0.5,0.0,0.0,0.0,0.0,0.0,False,1,0.5,0.0,-1,-5
diff-states-fnc-1-fpc-10,100,"Normal(1,0.2)",vc-9states-fnc-1-fpc-10.policy,1000,0.5,0.5,9,0.0,0.0,0.0,0.0,0.0,0.0,0.5,0.0,0.0,0.0,0.0,0.0,False,1,0.5,0.0,-1,-10
diff-states-fnc-1-fpc-500,100,"Normal(1,0.2)",vc-9states-fnc-1-fpc-500.policy,1000,0.5,0.5,9,0.0,0.0,0.0,0.0,0.0,0.0,0.5,0.0,0.0,0.0,0.0,0.0,False,1,0.5,0.0,-1,-500
diff-states-fnc-5-fpc-1,100,"Normal(1,0.2)",vc-9states-fnc-5-fpc-1.policy,1000,0.5,0.5,9,0.0,0.0,1.0,0.0,0.5,0.0,0.5,0.0,0.667,0.0,0.963,0.0,False,1,0.5,0.0,-5,-1
diff-states-fnc-5-fpc-5,100,"Normal(1,0.2)",vc-9states-fnc-5-fpc-5.policy,1000,0.5,0.5,9,1.0,0.0,0.754,0.02,0.762,0.017,0.732,0.046,0.758,0.013,0.755,0.019,False,1,1.203,0.063,-5,-5
diff-states-fnc-5-fpc-10,100,"Normal(1,0.2)",vc-9states-fnc-5-fpc-10.policy,1000,0.5,0.5,9,0.0,0.0,0.0,0.0,0.0,0.0,2.5,0.0,0.0,0.0,0.0,0.0,False,1,2.5,0.0,-5,-10
diff-states-fnc-5-fpc-500,100,"Normal(1,0.2)",vc-9states-fnc-5-fpc-500.policy,1000,0.5,0.5,9,0.0,0.0,0.0,0.0,0.0,0.0,2.5,0.0,0.0,0.0,0.0,0.0,False,1,2.5,0.0,-5,-500
diff-states-fnc-10-fpc-1,100,"Normal(1,0.2)",vc-9states-fnc-10-fpc-1.policy,1000,0.5,0.5,9,0.0,0.0,1.0,0.0,0.5,0.0,0.5,0.0,0.667,0.0,0.99,0.0,False,1,0.5,0.0,-10,-1
diff-states-fnc-10-fpc-5,100,"Normal(1,0.2)",vc-9states-fnc-10-fpc-5.policy,1000,0.5,0.5,9,0.0,0.0,1.0,0.0,0.5,0.0,0.5,0.0,0.667,0.0,0.99,0.0,False,1,2.5,0.0,-10,-5
diff-states-fnc-10-fpc-10,100,"Normal(1,0.2)",vc-9states-fnc-10-fpc-10.policy,1000,0.5,0.5,9,1.0,0.0,0.755,0.022,0.754,0.018,1.348,0.118,0.755,0.019,0.755,0.022,False,1,2.454,0.186,-10,-10
diff-states-fnc-10-fpc-500,100,"Normal(1,0.2)",vc-9states-fnc-10-fpc-500.policy,1000,0.5,0.5,9,0.0,0.0,0.0,0.0,0.0,0.0,5.0,0.0,0.0,0.0,0.0,0.0,False,1,5.0,0.0,-10,-500
diff-states-fnc-500-fpc-1,100,"Normal(1,0.2)",vc-9states-fnc-500-fpc-1.policy,1000,0.5,0.5,9,0.0,0.0,1.0,0.0,0.5,0.0,0.5,0.0,0.667,0.0,1.0,0.0,False,1,0.5,0.0,-500,-1
diff-states-fnc-500-fpc-5,100,"Normal(1,0.2)",vc-9states-fnc-500-fpc-5.policy,1000,0.5,0.5,9,0.0,0.0,1.0,0.0,0.5,0.0,0.5,0.0,0.667,0.0,1.0,0.0,False,1,2.5,0.0,-500,-5
diff-states-fnc-500-fpc-10,100,"Normal(1,0.2)",vc-9states-fnc-500-fpc-10.policy,1000,0.5,0.5,9,0.0,0.0,1.0,0.0,0.5,0.0,0.5,0.0,0.667,0.0,1.0,0.0,False,1,5.0,0.0,-500,-10
diff-states-fnc-500-fpc-500,100,"Normal(1,0.2)",vc-9states-fnc-500-fpc-500.policy,1000,0.5,0.5,9,5.276,0.084,0.928,0.018,0.932,0.011,17.984,4.561,0.93,0.014,0.928,0.018,False,1,34.95,6.725,-500,-500
diff-states-fnc-1-fpc-1,100,"Normal(1,0.2)",vc-9states-fnc-1-fpc-1.policy,1000,0.5,0.5,9,0.0,0.0,0.0,0.0,0.0,0.0,0.5,0.0,0.0,0.0,0.0,0.0,True,1,0.5,0.0,-1,-1
diff-states-fnc-1-fpc-5,100,"Normal(1,0.2)",vc-9states-fnc-1-fpc-5.policy,1000,0.5,0.5,9,0.0,0.0,0.0,0.0,0.0,0.0,0.5,0.0,0.0,0.0,0.0,0.0,True,1,0.5,0.0,-1,-5
diff-states-fnc-1-fpc-10,100,"Normal(1,0.2)",vc-9states-fnc-1-fpc-10.policy,1000,0.5,0.5,9,0.0,0.0,0.0,0.0,0.0,0.0,0.5,0.0,0.0,0.0,0.0,0.0,True,1,0.5,0.0,-1,-10
diff-states-fnc-1-fpc-500,100,"Normal(1,0.2)",vc-9states-fnc-1-fpc-500.policy,1000,0.5,0.5,9,0.0,0.0,0.0,0.0,0.0,0.0,0.5,0.0,0.0,0.0,0.0,0.0,True,1,0.5,0.0,-1,-500
diff-states-fnc-5-fpc-1,100,"Normal(1,0.2)",vc-9states-fnc-5-fpc-1.policy,1000,0.5,0.5,9,0.0,0.0,1.0,0.0,0.5,0.0,0.5,0.0,0.667,0.0,0.963,0.0,True,1,0.5,0.0,-5,-1
diff-states-fnc-5-fpc-5,100,"Normal(1,0.2)",vc-9states-fnc-5-fpc-5.policy,1000,0.5,0.5,9,1.0,0.0,0.745,0.019,0.751,0.014,0.761,0.049,0.748,0.014,0.745,0.018,True,1,1.256,0.066,-5,-5
diff-states-fnc-5-fpc-10,100,"Normal(1,0.2)",vc-9states-fnc-5-fpc-10.policy,1000,0.5,0.5,9,0.0,0.0,0.0,0.0,0.0,0.0,2.5,0.0,0.0,0.0,0.0,0.0,True,1,2.5,0.0,-5,-10
diff-states-fnc-5-fpc-500,100,"Normal(1,0.2)",vc-9states-fnc-5-fpc-500.policy,1000,0.5,0.5,9,0.0,0.0,0.0,0.0,0.0,0.0,2.5,0.0,0.0,0.0,0.0,0.0,True,1,2.5,0.0,-5,-500
diff-states-fnc-10-fpc-1,100,"Normal(1,0.2)",vc-9states-fnc-10-fpc-1.policy,1000,0.5,0.5,9,0.0,0.0,1.0,0.0,0.5,0.0,0.5,0.0,0.667,0.0,0.99,0.0,True,1,0.5,0.0,-10,-1
diff-states-fnc-10-fpc-5,100,"Normal(1,0.2)",vc-9states-fnc-10-fpc-5.policy,1000,0.5,0.5,9,0.0,0.0,1.0,0.0,0.5,0.0,0.5,0.0,0.667,0.0,0.99,0.0,True,1,2.5,0.0,-10,-5
diff-states-fnc-10-fpc-10,100,"Normal(1,0.2)",vc-9states-fnc-10-fpc-10.policy,1000,0.5,0.5,9,1.0,0.0,0.76,0.017,0.751,0.013,1.328,0.089,0.755,0.013,0.76,0.017,True,1,2.465,0.121,-10,-10
diff-states-fnc-10-fpc-500,100,"Normal(1,0.2)",vc-9states-fnc-10-fpc-500.policy,1000,0.5,0.5,9,0.0,0.0,0.0,0.0,0.0,0.0,5.0,0.0,0.0,0.0,0.0,0.0,True,1,5.0,0.0,-10,-500
diff-states-fnc-500-fpc-1,100,"Normal(1,0.2)",vc-9states-fnc-500-fpc-1.policy,1000,0.5,0.5,9,0.0,0.0,1.0,0.0,0.5,0.0,0.5,0.0,0.667,0.0,1.0,0.0,True,1,0.5,0.0,-500,-1
diff-states-fnc-500-fpc-5,100,"Normal(1,0.2)",vc-9states-fnc-500-fpc-5.policy,1000,0.5,0.5,9,0.0,0.0,1.0,0.0,0.5,0.0,0.5,0.0,0.667,0.0,1.0,0.0,True,1,2.5,0.0,-500,-5
diff-states-fnc-500-fpc-10,100,"Normal(1,0.2)",vc-9states-fnc-500-fpc-10.policy,1000,0.5,0.5,9,0.0,0.0,1.0,0.0,0.5,0.0,0.5,0.0,0.667,0.0,1.0,0.0,True,1,5.0,0.0,-500,-10
diff-states-fnc-500-fpc-500,100,"Normal(1,0.2)",vc-9states-fnc-500-fpc-500.policy,1000,0.5,0.5,9,6.531,0.061,0.962,0.01,0.956,0.012,9.472,2.61,0.959,0.007,0.962,0.01,True,1,20.65,3.647,-500,-500
diff-states-fnc-1-fpc-1,100,"Normal(1,0.2)",vc-13states-fnc-1-fpc-1.policy,1000,0.5,0.5,13,0.0,0.0,0.0,0.0,0.0,0.0,0.5,0.0,0.0,0.0,0.0,0.0,False,1,0.5,0.0,-1,-1
diff-states-fnc-1-fpc-5,100,"Normal(1,0.2)",vc-13states-fnc-1-fpc-5.policy,1000,0.5,0.5,13,0.0,0.0,0.0,0.0,0.0,0.0,0.5,0.0,0.0,0.0,0.0,0.0,False,1,0.5,0.0,-1,-5
diff-states-fnc-1-fpc-10,100,"Normal(1,0.2)",vc-13states-fnc-1-fpc-10.policy,1000,0.5,0.5,13,0.0,0.0,0.0,0.0,0.0,0.0,0.5,0.0,0.0,0.0,0.0,0.0,False,1,0.5,0.0,-1,-10
diff-states-fnc-1-fpc-500,100,"Normal(1,0.2)",vc-13states-fnc-1-fpc-500.policy,1000,0.5,0.5,13,0.0,0.0,0.0,0.0,0.0,0.0,0.5,0.0,0.0,0.0,0.0,0.0,False,1,0.5,0.0,-1,-500
diff-states-fnc-5-fpc-1,100,"Normal(1,0.2)",vc-13states-fnc-5-fpc-1.policy,1000,0.5,0.5,13,0.0,0.0,1.0,0.0,0.5,0.0,0.5,0.0,0.667,0.0,0.963,0.0,False,1,0.5,0.0,-5,-1
diff-states-fnc-5-fpc-5,100,"Normal(1,0.2)",vc-13states-fnc-5-fpc-5.policy,1000,0.5,0.5,13,1.0,0.0,0.757,0.015,0.749,0.016,0.734,0.043,0.753,0.014,0.757,0.015,False,1,1.243,0.072,-5,-5
diff-states-fnc-5-fpc-10,100,"Normal(1,0.2)",vc-13states-fnc-5-fpc-10.policy,1000,0.5,0.5,13,0.0,0.0,0.0,0.0,0.0,0.0,2.5,0.0,0.0,0.0,0.0,0.0,False,1,2.5,0.0,-5,-10
diff-states-fnc-5-fpc-500,100,"Normal(1,0.2)",vc-13states-fnc-5-fpc-500.policy,1000,0.5,0.5,13,0.0,0.0,0.0,0.0,0.0,0.0,2.5,0.0,0.0,0.0,0.0,0.0,False,1,2.5,0.0,-5,-500
diff-states-fnc-10-fpc-1,100,"Normal(1,0.2)",vc-13states-fnc-10-fpc-1.policy,1000,0.5,0.5,13,0.0,0.0,1.0,0.0,0.5,0.0,0.5,0.0,0.667,0.0,0.99,0.0,False,1,0.5,0.0,-10,-1
diff-states-fnc-10-fpc-5,100,"Normal(1,0.2)",vc-13states-fnc-10-fpc-5.policy,1000,0.5,0.5,13,0.0,0.0,1.0,0.0,0.5,0.0,0.5,0.0,0.667,0.0,0.99,0.0,False,1,2.5,0.0,-10,-5
diff-states-fnc-10-fpc-10,100,"Normal(1,0.2)",vc-13states-fnc-10-fpc-10.policy,1000,0.5,0.5,13,1.0,0.0,0.754,0.016,0.746,0.015,1.36,0.074,0.75,0.009,0.754,0.016,False,1,2.516,0.099,-10,-10
diff-states-fnc-10-fpc-500,100,"Normal(1,0.2)",vc-13states-fnc-10-fpc-500.policy,1000,0.5,0.5,13,0.0,0.0,0.0,0.0,0.0,0.0,5.0,0.0,0.0,0.0,0.0,0.0,False,1,5.0,0.0,-10,-500
diff-states-fnc-500-fpc-1,100,"Normal(1,0.2)",vc-13states-fnc-500-fpc-1.policy,1000,0.5,0.5,13,0.0,0.0,1.0,0.0,0.5,0.0,0.5,0.0,0.667,0.0,1.0,0.0,False,1,0.5,0.0,-500,-1
diff-states-fnc-500-fpc-5,100,"Normal(1,0.2)",vc-13states-fnc-500-fpc-5.policy,1000,0.5,0.5,13,0.0,0.0,1.0,0.0,0.5,0.0,0.5,0.0,0.667,0.0,1.0,0.0,False,1,2.5,0.0,-500,-5
diff-states-fnc-500-fpc-10,100,"Normal(1,0.2)",vc-13states-fnc-500-fpc-10.policy,1000,0.5,0.5,13,0.0,0.0,1.0,0.0,0.5,0.0,0.5,0.0,0.667,0.0,1.0,0.0,False,1,5.0,0.0,-500,-10
diff-states-fnc-500-fpc-500,100,"Normal(1,0.2)",vc-13states-fnc-500-fpc-500.policy,1000,0.5,0.5,13,5.614,0.108,0.927,0.009,0.937,0.015,18.231,2.173,0.932,0.01,0.927,0.009,False,1,33.75,5.051,-500,-500
diff-states-fnc-1-fpc-1,100,"Normal(1,0.2)",vc-13states-fnc-1-fpc-1.policy,1000,0.5,0.5,13,0.0,0.0,0.0,0.0,0.0,0.0,0.5,0.0,0.0,0.0,0.0,0.0,True,1,0.5,0.0,-1,-1
diff-states-fnc-1-fpc-5,100,"Normal(1,0.2)",vc-13states-fnc-1-fpc-5.policy,1000,0.5,0.5,13,0.0,0.0,0.0,0.0,0.0,0.0,0.5,0.0,0.0,0.0,0.0,0.0,True,1,0.5,0.0,-1,-5
diff-states-fnc-1-fpc-10,100,"Normal(1,0.2)",vc-13states-fnc-1-fpc-10.policy,1000,0.5,0.5,13,0.0,0.0,0.0,0.0,0.0,0.0,0.5,0.0,0.0,0.0,0.0,0.0,True,1,0.5,0.0,-1,-10
diff-states-fnc-1-fpc-500,100,"Normal(1,0.2)",vc-13states-fnc-1-fpc-500.policy,1000,0.5,0.5,13,0.0,0.0,0.0,0.0,0.0,0.0,0.5,0.0,0.0,0.0,0.0,0.0,True,1,0.5,0.0,-1,-500
diff-states-fnc-5-fpc-1,100,"Normal(1,0.2)",vc-13states-fnc-5-fpc-1.policy,1000,0.5,0.5,13,0.0,0.0,1.0,0.0,0.5,0.0,0.5,0.0,0.667,0.0,0.963,0.0,True,1,0.5,0.0,-5,-1
diff-states-fnc-5-fpc-5,100,"Normal(1,0.2)",vc-13states-fnc-5-fpc-5.policy,1000,0.5,0.5,13,1.0,0.0,0.755,0.018,0.748,0.014,0.739,0.047,0.752,0.014,0.755,0.018,True,1,1.248,0.068,-5,-5
diff-states-fnc-5-fpc-10,100,"Normal(1,0.2)",vc-13states-fnc-5-fpc-10.policy,1000,0.5,0.5,13,0.0,0.0,0.0,0.0,0.0,0.0,2.5,0.0,0.0,0.0,0.0,0.0,True,1,2.5,0.0,-5,-10
diff-states-fnc-5-fpc-500,100,"Normal(1,0.2)",vc-13states-fnc-5-fpc-500.policy,1000,0.5,0.5,13,0.0,0.0,0.0,0.0,0.0,0.0,2.5,0.0,0.0,0.0,0.0,0.0,True,1,2.5,0.0,-5,-500
diff-states-fnc-10-fpc-1,100,"Normal(1,0.2)",vc-13states-fnc-10-fpc-1.policy,1000,0.5,0.5,13,0.0,0.0,1.0,0.0,0.5,0.0,0.5,0.0,0.667,0.0,0.99,0.0,True,1,0.5,0.0,-10,-1
diff-states-fnc-10-fpc-5,100,"Normal(1,0.2)",vc-13states-fnc-10-fpc-5.policy,1000,0.5,0.5,13,0.0,0.0,1.0,0.0,0.5,0.0,0.5,0.0,0.667,0.0,0.99,0.0,True,1,2.5,0.0,-10,-5
diff-states-fnc-10-fpc-10,100,"Normal(1,0.2)",vc-13states-fnc-10-fpc-10.policy,1000,0.5,0.5,13,1.0,0.0,0.747,0.018,0.75,0.016,1.389,0.092,0.748,0.014,0.747,0.018,True,1,2.513,0.141,-10,-10
diff-states-fnc-10-fpc-500,100,"Normal(1,0.2)",vc-13states-fnc-10-fpc-500.policy,1000,0.5,0.5,13,0.0,0.0,0.0,0.0,0.0,0.0,5.0,0.0,0.0,0.0,0.0,0.0,True,1,5.0,0.0,-10,-500
diff-states-fnc-500-fpc-1,100,"Normal(1,0.2)",vc-13states-fnc-500-fpc-1.policy,1000,0.5,0.5,13,0.0,0.0,1.0,0.0,0.5,0.0,0.5,0.0,0.667,0.0,1.0,0.0,True,1,0.5,0.0,-500,-1
diff-states-fnc-500-fpc-5,100,"Normal(1,0.2)",vc-13states-fnc-500-fpc-5.policy,1000,0.5,0.5,13,0.0,0.0,1.0,0.0,0.5,0.0,0.5,0.0,0.667,0.0,1.0,0.0,True,1,2.5,0.0,-500,-5
diff-states-fnc-500-fpc-10,100,"Normal(1,0.2)",vc-13states-fnc-500-fpc-10.policy,1000,0.5,0.5,13,0.0,0.0,1.0,0.0,0.5,0.0,0.5,0.0,0.667,0.0,1.0,0.0,True,1,5.0,0.0,-500,-10
diff-states-fnc-500-fpc-500,100,"Normal(1,0.2)",vc-13states-fnc-500-fpc-500.policy,1000,0.5,0.5,13,7.625,0.049,0.961,0.009,0.958,0.011,9.871,2.189,0.959,0.006,0.961,0.009,True,1,20.4,2.939,-500,-500
diff-states-fnc-1-fpc-1,100,"Normal(1,0.2)",vc-17states-fnc-1-fpc-1.policy,1000,0.5,0.5,17,0.0,0.0,0.0,0.0,0.0,0.0,0.5,0.0,0.0,0.0,0.0,0.0,False,1,0.5,0.0,-1,-1
diff-states-fnc-1-fpc-5,100,"Normal(1,0.2)",vc-17states-fnc-1-fpc-5.policy,1000,0.5,0.5,17,0.0,0.0,0.0,0.0,0.0,0.0,0.5,0.0,0.0,0.0,0.0,0.0,False,1,0.5,0.0,-1,-5
diff-states-fnc-1-fpc-10,100,"Normal(1,0.2)",vc-17states-fnc-1-fpc-10.policy,1000,0.5,0.5,17,0.0,0.0,0.0,0.0,0.0,0.0,0.5,0.0,0.0,0.0,0.0,0.0,False,1,0.5,0.0,-1,-10
diff-states-fnc-1-fpc-500,100,"Normal(1,0.2)",vc-17states-fnc-1-fpc-500.policy,1000,0.5,0.5,17,0.0,0.0,0.0,0.0,0.0,0.0,0.5,0.0,0.0,0.0,0.0,0.0,False,1,0.5,0.0,-1,-500
diff-states-fnc-5-fpc-1,100,"Normal(1,0.2)",vc-17states-fnc-5-fpc-1.policy,1000,0.5,0.5,17,0.0,0.0,1.0,0.0,0.5,0.0,0.5,0.0,0.667,0.0,0.963,0.0,False,1,0.5,0.0,-5,-1
diff-states-fnc-5-fpc-5,100,"Normal(1,0.2)",vc-17states-fnc-5-fpc-5.policy,1000,0.5,0.5,17,1.0,0.0,0.755,0.021,0.753,0.018,0.736,0.057,0.754,0.017,0.755,0.021,False,1,1.232,0.085,-5,-5
diff-states-fnc-5-fpc-10,100,"Normal(1,0.2)",vc-17states-fnc-5-fpc-10.policy,1000,0.5,0.5,17,0.0,0.0,0.0,0.0,0.0,0.0,2.5,0.0,0.0,0.0,0.0,0.0,False,1,2.5,0.0,-5,-10
diff-states-fnc-5-fpc-500,100,"Normal(1,0.2)",vc-17states-fnc-5-fpc-500.policy,1000,0.5,0.5,17,0.0,0.0,0.0,0.0,0.0,0.0,2.5,0.0,0.0,0.0,0.0,0.0,False,1,2.5,0.0,-5,-500
diff-states-fnc-10-fpc-1,100,"Normal(1,0.2)",vc-17states-fnc-10-fpc-1.policy,1000,0.5,0.5,17,0.0,0.0,1.0,0.0,0.5,0.0,0.5,0.0,0.667,0.0,0.99,0.0,False,1,0.5,0.0,-10,-1
diff-states-fnc-10-fpc-5,100,"Normal(1,0.2)",vc-17states-fnc-10-fpc-5.policy,1000,0.5,0.5,17,0.0,0.0,1.0,0.0,0.5,0.0,0.5,0.0,0.667,0.0,0.99,0.0,False,1,2.5,0.0,-10,-5
diff-states-fnc-10-fpc-10,100,"Normal(1,0.2)",vc-17states-fnc-10-fpc-10.policy,1000,0.5,0.5,17,1.0,0.0,0.749,0.015,0.75,0.018,1.381,0.082,0.749,0.015,0.749,0.015,False,1,2.505,0.162,-10,-10
diff-states-fnc-10-fpc-500,100,"Normal(1,0.2)",vc-17states-fnc-10-fpc-500.policy,1000,0.5,0.5,17,0.0,0.0,0.0,0.0,0.0,0.0,5.0,0.0,0.0,0.0,0.0,0.0,False,1,5.0,0.0,-10,-500
diff-states-fnc-500-fpc-1,100,"Normal(1,0.2)",vc-17states-fnc-500-fpc-1.policy,1000,0.5,0.5,17,0.0,0.0,1.0,0.0,0.5,0.0,0.5,0.0,0.667,0.0,1.0,0.0,False,1,0.5,0.0,-500,-1
diff-states-fnc-500-fpc-5,100,"Normal(1,0.2)",vc-17states-fnc-500-fpc-5.policy,1000,0.5,0.5,17,0.0,0.0,1.0,0.0,0.5,0.0,0.5,0.0,0.667,0.0,1.0,0.0,False,1,2.5,0.0,-500,-5
diff-states-fnc-500-fpc-10,100,"Normal(1,0.2)",vc-17states-fnc-500-fpc-10.policy,1000,0.5,0.5,17,0.0,0.0,1.0,0.0,0.5,0.0,0.5,0.0,0.667,0.0,1.0,0.0,False,1,5.0,0.0,-500,-10
diff-states-fnc-500-fpc-500,100,"Normal(1,0.2)",vc-17states-fnc-500-fpc-500.policy,1000,0.5,0.5,17,5.654,0.053,0.926,0.01,0.929,0.01,18.585,2.422,0.928,0.006,0.926,0.01,False,1,36.15,3.233,-500,-500
diff-states-fnc-1-fpc-1,100,"Normal(1,0.2)",vc-17states-fnc-1-fpc-1.policy,1000,0.5,0.5,17,0.0,0.0,0.0,0.0,0.0,0.0,0.5,0.0,0.0,0.0,0.0,0.0,True,1,0.5,0.0,-1,-1
diff-states-fnc-1-fpc-5,100,"Normal(1,0.2)",vc-17states-fnc-1-fpc-5.policy,1000,0.5,0.5,17,0.0,0.0,0.0,0.0,0.0,0.0,0.5,0.0,0.0,0.0,0.0,0.0,True,1,0.5,0.0,-1,-5
diff-states-fnc-1-fpc-10,100,"Normal(1,0.2)",vc-17states-fnc-1-fpc-10.policy,1000,0.5,0.5,17,0.0,0.0,0.0,0.0,0.0,0.0,0.5,0.0,0.0,0.0,0.0,0.0,True,1,0.5,0.0,-1,-10
diff-states-fnc-1-fpc-500,100,"Normal(1,0.2)",vc-17states-fnc-1-fpc-500.policy,1000,0.5,0.5,17,0.0,0.0,0.0,0.0,0.0,0.0,0.5,0.0,0.0,0.0,0.0,0.0,True,1,0.5,0.0,-1,-500
diff-states-fnc-5-fpc-1,100,"Normal(1,0.2)",vc-17states-fnc-5-fpc-1.policy,1000,0.5,0.5,17,0.0,0.0,1.0,0.0,0.5,0.0,0.5,0.0,0.667,0.0,0.963,0.0,True,1,0.5,0.0,-5,-1
diff-states-fnc-5-fpc-5,100,"Normal(1,0.2)",vc-17states-fnc-5-fpc-5.policy,1000,0.5,0.5,17,1.0,0.0,0.754,0.022,0.752,0.015,0.74,0.054,0.753,0.014,0.754,0.021,True,1,1.238,0.067,-5,-5
diff-states-fnc-5-fpc-10,100,"Normal(1,0.2)",vc-17states-fnc-5-fpc-10.policy,1000,0.5,0.5,17,0.0,0.0,0.0,0.0,0.0,0.0,2.5,0.0,0.0,0.0,0.0,0.0,True,1,2.5,0.0,-5,-10
diff-states-fnc-5-fpc-500,100,"Normal(1,0.2)",vc-17states-fnc-5-fpc-500.policy,1000,0.5,0.5,17,0.0,0.0,0.0,0.0,0.0,0.0,2.5,0.0,0.0,0.0,0.0,0.0,True,1,2.5,0.0,-5,-500
diff-states-fnc-10-fpc-1,100,"Normal(1,0.2)",vc-17states-fnc-10-fpc-1.policy,1000,0.5,0.5,17,0.0,0.0,1.0,0.0,0.5,0.0,0.5,0.0,0.667,0.0,0.99,0.0,True,1,0.5,0.0,-10,-1
diff-states-fnc-10-fpc-5,100,"Normal(1,0.2)",vc-17states-fnc-10-fpc-5.policy,1000,0.5,0.5,17,0.0,0.0,1.0,0.0,0.5,0.0,0.5,0.0,0.667,0.0,0.99,0.0,True,1,2.5,0.0,-10,-5
diff-states-fnc-10-fpc-10,100,"Normal(1,0.2)",vc-17states-fnc-10-fpc-10.policy,1000,0.5,0.5,17,1.0,0.0,0.74,0.022,0.747,0.015,1.424,0.108,0.744,0.015,0.74,0.021,True,1,2.553,0.144,-10,-10
diff-states-fnc-10-fpc-500,100,"Normal(1,0.2)",vc-17states-fnc-10-fpc-500.policy,1000,0.5,0.5,17,0.0,0.0,0.0,0.0,0.0,0.0,5.0,0.0,0.0,0.0,0.0,0.0,True,1,5.0,0.0,-10,-500
diff-states-fnc-500-fpc-1,100,"Normal(1,0.2)",vc-17states-fnc-500-fpc-1.policy,1000,0.5,0.5,17,0.0,0.0,1.0,0.0,0.5,0.0,0.5,0.0,0.667,0.0,1.0,0.0,True,1,0.5,0.0,-500,-1
diff-states-fnc-500-fpc-5,100,"Normal(1,0.2)",vc-17states-fnc-500-fpc-5.policy,1000,0.5,0.5,17,0.0,0.0,1.0,0.0,0.5,0.0,0.5,0.0,0.667,0.0,1.0,0.0,True,1,2.5,0.0,-500,-5
diff-states-fnc-500-fpc-10,100,"Normal(1,0.2)",vc-17states-fnc-500-fpc-10.policy,1000,0.5,0.5,17,0.0,0.0,1.0,0.0,0.5,0.0,0.5,0.0,0.667,0.0,1.0,0.0,True,1,5.0,0.0,-500,-10
diff-states-fnc-500-fpc-500,100,"Normal(1,0.2)",vc-17states-fnc-500-fpc-500.policy,1000,0.5,0.5,17,7.643,0.089,0.959,0.01,0.96,0.006,10.17,2.607,0.96,0.005,0.959,0.01,True,1,20.05,2.444,-500,-500
diff-states-fnc-1-fpc-1,100,"Normal(1,0.2)",vc-43states-fnc-1-fpc-1.policy,1000,0.5,0.5,43,0.0,0.0,0.0,0.0,0.0,0.0,0.5,0.0,0.0,0.0,0.0,0.0,False,1,0.5,0.0,-1,-1
diff-states-fnc-1-fpc-5,100,"Normal(1,0.2)",vc-43states-fnc-1-fpc-5.policy,1000,0.5,0.5,43,0.0,0.0,0.0,0.0,0.0,0.0,0.5,0.0,0.0,0.0,0.0,0.0,False,1,0.5,0.0,-1,-5
diff-states-fnc-1-fpc-10,100,"Normal(1,0.2)",vc-43states-fnc-1-fpc-10.policy,1000,0.5,0.5,43,0.0,0.0,0.0,0.0,0.0,0.0,0.5,0.0,0.0,0.0,0.0,0.0,False,1,0.5,0.0,-1,-10
diff-states-fnc-1-fpc-500,100,"Normal(1,0.2)",vc-43states-fnc-1-fpc-500.policy,1000,0.5,0.5,43,0.0,0.0,0.0,0.0,0.0,0.0,0.5,0.0,0.0,0.0,0.0,0.0,False,1,0.5,0.0,-1,-500
diff-states-fnc-5-fpc-1,100,"Normal(1,0.2)",vc-43states-fnc-5-fpc-1.policy,1000,0.5,0.5,43,0.0,0.0,1.0,0.0,0.5,0.0,0.5,0.0,0.667,0.0,0.963,0.0,False,1,0.5,0.0,-5,-1
diff-states-fnc-5-fpc-5,100,"Normal(1,0.2)",vc-43states-fnc-5-fpc-5.policy,1000,0.5,0.5,43,1.0,0.0,0.755,0.022,0.754,0.016,0.736,0.053,0.754,0.015,0.755,0.021,False,1,1.23,0.07,-5,-5
diff-states-fnc-5-fpc-10,100,"Normal(1,0.2)",vc-43states-fnc-5-fpc-10.policy,1000,0.5,0.5,43,0.0,0.0,0.0,0.0,0.0,0.0,2.5,0.0,0.0,0.0,0.0,0.0,False,1,2.5,0.0,-5,-10
diff-states-fnc-5-fpc-500,100,"Normal(1,0.2)",vc-43states-fnc-5-fpc-500.policy,1000,0.5,0.5,43,0.0,0.0,0.0,0.0,0.0,0.0,2.5,0.0,0.0,0.0,0.0,0.0,False,1,2.5,0.0,-5,-500
diff-states-fnc-10-fpc-1,100,"Normal(1,0.2)",vc-43states-fnc-10-fpc-1.policy,1000,0.5,0.5,43,0.0,0.0,1.0,0.0,0.5,0.0,0.5,0.0,0.667,0.0,0.99,0.0,False,1,0.5,0.0,-10,-1
diff-states-fnc-10-fpc-5,100,"Normal(1,0.2)",vc-43states-fnc-10-fpc-5.policy,1000,0.5,0.5,43,0.0,0.0,1.0,0.0,0.5,0.0,0.5,0.0,0.667,0.0,0.99,0.0,False,1,2.5,0.0,-10,-5
diff-states-fnc-10-fpc-10,100,"Normal(1,0.2)",vc-43states-fnc-10-fpc-10.policy,1000,0.5,0.5,43,1.0,0.0,0.748,0.019,0.755,0.014,1.382,0.097,0.751,0.013,0.748,0.019,False,1,2.477,0.126,-10,-10
diff-states-fnc-10-fpc-500,100,"Normal(1,0.2)",vc-43states-fnc-10-fpc-500.policy,1000,0.5,0.5,43,0.0,0.0,0.0,0.0,0.0,0.0,5.0,0.0,0.0,0.0,0.0,0.0,False,1,5.0,0.0,-10,-500
diff-states-fnc-500-fpc-1,100,"Normal(1,0.2)",vc-43states-fnc-500-fpc-1.policy,1000,0.5,0.5,43,0.0,0.0,1.0,0.0,0.5,0.0,0.5,0.0,0.667,0.0,1.0,0.0,False,1,0.5,0.0,-500,-1
diff-states-fnc-500-fpc-5,100,"Normal(1,0.2)",vc-43states-fnc-500-fpc-5.policy,1000,0.5,0.5,43,0.0,0.0,1.0,0.0,0.5,0.0,0.5,0.0,0.667,0.0,1.0,0.0,False,1,2.5,0.0,-500,-5
diff-states-fnc-500-fpc-10,100,"Normal(1,0.2)",vc-43states-fnc-500-fpc-10.policy,1000,0.5,0.5,43,0.0,0.0,1.0,0.0,0.5,0.0,0.5,0.0,0.667,0.0,1.0,0.0,False,1,5.0,0.0,-500,-10
diff-states-fnc-500-fpc-500,100,"Normal(1,0.2)",vc-43states-fnc-500-fpc-500.policy,1000,0.5,0.5,43,5.865,0.063,0.933,0.012,0.937,0.01,16.731,3.038,0.935,0.01,0.933,0.012,False,1,32.35,5.177,-500,-500
diff-states-fnc-1-fpc-1,100,"Normal(1,0.2)",vc-43states-fnc-1-fpc-1.policy,1000,0.5,0.5,43,0.0,0.0,0.0,0.0,0.0,0.0,0.5,0.0,0.0,0.0,0.0,0.0,True,1,0.5,0.0,-1,-1
diff-states-fnc-1-fpc-5,100,"Normal(1,0.2)",vc-43states-fnc-1-fpc-5.policy,1000,0.5,0.5,43,0.0,0.0,0.0,0.0,0.0,0.0,0.5,0.0,0.0,0.0,0.0,0.0,True,1,0.5,0.0,-1,-5
diff-states-fnc-1-fpc-10,100,"Normal(1,0.2)",vc-43states-fnc-1-fpc-10.policy,1000,0.5,0.5,43,0.0,0.0,0.0,0.0,0.0,0.0,0.5,0.0,0.0,0.0,0.0,0.0,True,1,0.5,0.0,-1,-10
diff-states-fnc-1-fpc-500,100,"Normal(1,0.2)",vc-43states-fnc-1-fpc-500.policy,1000,0.5,0.5,43,0.0,0.0,0.0,0.0,0.0,0.0,0.5,0.0,0.0,0.0,0.0,0.0,True,1,0.5,0.0,-1,-500
diff-states-fnc-5-fpc-1,100,"Normal(1,0.2)",vc-43states-fnc-5-fpc-1.policy,1000,0.5,0.5,43,0.0,0.0,1.0,0.0,0.5,0.0,0.5,0.0,0.667,0.0,0.963,0.0,True,1,0.5,0.0,-5,-1
diff-states-fnc-5-fpc-5,100,"Normal(1,0.2)",vc-43states-fnc-5-fpc-5.policy,1000,0.5,0.5,43,1.0,0.0,0.757,0.014,0.749,0.015,0.734,0.041,0.753,0.013,0.757,0.014,True,1,1.24,0.068,-5,-5
diff-states-fnc-5-fpc-10,100,"Normal(1,0.2)",vc-43states-fnc-5-fpc-10.policy,1000,0.5,0.5,43,0.0,0.0,0.0,0.0,0.0,0.0,2.5,0.0,0.0,0.0,0.0,0.0,True,1,2.5,0.0,-5,-10
diff-states-fnc-5-fpc-500,100,"Normal(1,0.2)",vc-43states-fnc-5-fpc-500.policy,1000,0.5,0.5,43,0.0,0.0,0.0,0.0,0.0,0.0,2.5,0.0,0.0,0.0,0.0,0.0,True,1,2.5,0.0,-5,-500
diff-states-fnc-10-fpc-1,100,"Normal(1,0.2)",vc-43states-fnc-10-fpc-1.policy,1000,0.5,0.5,43,0.0,0.0,1.0,0.0,0.5,0.0,0.5,0.0,0.667,0.0,0.99,0.0,True,1,0.5,0.0,-10,-1
diff-states-fnc-10-fpc-5,100,"Normal(1,0.2)",vc-43states-fnc-10-fpc-5.policy,1000,0.5,0.5,43,0.0,0.0,1.0,0.0,0.5,0.0,0.5,0.0,0.667,0.0,0.99,0.0,True,1,2.5,0.0,-10,-5
diff-states-fnc-10-fpc-10,100,"Normal(1,0.2)",vc-43states-fnc-10-fpc-10.policy,1000,0.5,0.5,43,1.0,0.0,0.753,0.016,0.751,0.01,1.359,0.08,0.752,0.012,0.753,0.016,True,1,2.48,0.108,-10,-10
diff-states-fnc-10-fpc-500,100,"Normal(1,0.2)",vc-43states-fnc-10-fpc-500.policy,1000,0.5,0.5,43,0.0,0.0,0.0,0.0,0.0,0.0,5.0,0.0,0.0,0.0,0.0,0.0,True,1,5.0,0.0,-10,-500
diff-states-fnc-500-fpc-1,100,"Normal(1,0.2)",vc-43states-fnc-500-fpc-1.policy,1000,0.5,0.5,43,0.0,0.0,1.0,0.0,0.5,0.0,0.5,0.0,0.667,0.0,1.0,0.0,True,1,0.5,0.0,-500,-1
diff-states-fnc-500-fpc-5,100,"Normal(1,0.2)",vc-43states-fnc-500-fpc-5.policy,1000,0.5,0.5,43,0.0,0.0,1.0,0.0,0.5,0.0,0.5,0.0,0.667,0.0,1.0,0.0,True,1,2.5,0.0,-500,-5
diff-states-fnc-500-fpc-10,100,"Normal(1,0.2)",vc-43states-fnc-500-fpc-10.policy,1000,0.5,0.5,43,0.0,0.0,1.0,0.0,0.5,0.0,0.5,0.0,0.667,0.0,1.0,0.0,True,1,5.0,0.0,-500,-10
diff-states-fnc-500-fpc-500,100,"Normal(1,0.2)",vc-43states-fnc-500-fpc-500.policy,1000,0.5,0.5,43,7.904,0.07,0.964,0.01,0.964,0.01,8.918,2.438,0.964,0.007,0.964,0.01,True,1,18.0,3.619,-500,-500
